{"cameraMode":{"drawMode":0,"name":"Shaded","section":"Shading Mode"},"sceneLighting":true,"audioPlay":false,"sceneViewState":{"m_AlwaysRefresh":false,"showFog":true,"showSkybox":true,"showFlares":true,"showImageEffects":true,"showParticleSystems":true,"showVisualEffectGraphs":true,"m_FxEnabled":true},"in2DMode":false,"pivot":{"x":2.7046799659729006,"y":31.403356552124025,"z":68.73199462890625},"rotation":{"x":-0.005038091912865639,"y":0.9794952869415283,"z":-0.19988927245140077,"w":-0.024687595665454866},"size":1.1209527254104615,"orthographic":false}